{
  "tickets/1933/list" : {
    "transaction" : "tickets/1933/list",
    "sampleCount" : 40726,
    "errorCount" : 31287,
    "errorPct" : 76.82316,
    "meanResTime" : 4422.221823896288,
    "medianResTime" : 0.0,
    "minResTime" : 0.0,
    "maxResTime" : 71861.0,
    "pct1ResTime" : 3193.6000000000204,
    "pct2ResTime" : 25918.40000000001,
    "pct3ResTime" : 37803.570000000065,
    "throughput" : 12.558586022737188,
    "receivedKBytesPerSec" : 17.6234767450995,
    "sentKBytesPerSec" : 8.99614109770371
  },
  "news/list?type=Article" : {
    "transaction" : "news/list?type=Article",
    "sampleCount" : 41346,
    "errorCount" : 32200,
    "errorPct" : 77.87936,
    "meanResTime" : 1246.4674696463894,
    "medianResTime" : 0.0,
    "minResTime" : 0.0,
    "maxResTime" : 27822.0,
    "pct1ResTime" : 107.0,
    "pct2ResTime" : 3690.4000000000233,
    "pct3ResTime" : 9591.950000000008,
    "throughput" : 12.730718485344402,
    "receivedKBytesPerSec" : 39.566356858606845,
    "sentKBytesPerSec" : 11.042604800441692
  },
  "games?type=history" : {
    "transaction" : "games?type=history",
    "sampleCount" : 40955,
    "errorCount" : 33291,
    "errorPct" : 81.28678,
    "meanResTime" : 8572.782151141551,
    "medianResTime" : 0.0,
    "minResTime" : 0.0,
    "maxResTime" : 88292.0,
    "pct1ResTime" : 15121.900000000001,
    "pct2ResTime" : 54240.55,
    "pct3ResTime" : 60345.97,
    "throughput" : 12.622021088991797,
    "receivedKBytesPerSec" : 39.90866610106292,
    "sentKBytesPerSec" : 9.230736566816427
  },
  "tickets/stadium-ticket?id=2720&gameId=1931" : {
    "transaction" : "tickets/stadium-ticket?id=2720&gameId=1931",
    "sampleCount" : 41273,
    "errorCount" : 31522,
    "errorPct" : 76.37438,
    "meanResTime" : 4451.128873597771,
    "medianResTime" : 0.0,
    "minResTime" : 0.0,
    "maxResTime" : 59552.0,
    "pct1ResTime" : 3170.9000000000015,
    "pct2ResTime" : 26192.0,
    "pct3ResTime" : 38178.0,
    "throughput" : 12.719500995420448,
    "receivedKBytesPerSec" : 18.072139776927973,
    "sentKBytesPerSec" : 9.391039790622708
  },
  "Total" : {
    "transaction" : "Total",
    "sampleCount" : 450510,
    "errorCount" : 360770,
    "errorPct" : 80.08035,
    "meanResTime" : 3950.414701116514,
    "medianResTime" : 59.0,
    "minResTime" : 0.0,
    "maxResTime" : 88292.0,
    "pct1ResTime" : 26335.900000000016,
    "pct2ResTime" : 41474.8,
    "pct3ResTime" : 60077.0,
    "throughput" : 138.65728557842348,
    "receivedKBytesPerSec" : 331.0073957126264,
    "sentKBytesPerSec" : 104.28058949053812
  },
  "games?type=upcoming" : {
    "transaction" : "games?type=upcoming",
    "sampleCount" : 41157,
    "errorCount" : 33263,
    "errorPct" : 80.819786,
    "meanResTime" : 8697.554049128958,
    "medianResTime" : 0.0,
    "minResTime" : 0.0,
    "maxResTime" : 84298.0,
    "pct1ResTime" : 9509.000000000087,
    "pct2ResTime" : 56322.9,
    "pct3ResTime" : 60065.0,
    "throughput" : 12.683310462059314,
    "receivedKBytesPerSec" : 37.453704172288184,
    "sentKBytesPerSec" : 9.315693783796506
  },
  "stream?type=video" : {
    "transaction" : "stream?type=video",
    "sampleCount" : 40492,
    "errorCount" : 40492,
    "errorPct" : 100.0,
    "meanResTime" : 349.7765484540155,
    "medianResTime" : 0.0,
    "minResTime" : 0.0,
    "maxResTime" : 42094.0,
    "pct1ResTime" : 309.0,
    "pct2ResTime" : 493.0,
    "pct3ResTime" : 15197.990000000002,
    "throughput" : 12.491107967322975,
    "receivedKBytesPerSec" : 17.134806705101635,
    "sentKBytesPerSec" : 8.942335948937984
  },
  "stream?type=audio" : {
    "transaction" : "stream?type=audio",
    "sampleCount" : 40487,
    "errorCount" : 31330,
    "errorPct" : 77.382866,
    "meanResTime" : 4322.342455603037,
    "medianResTime" : 0.0,
    "minResTime" : 0.0,
    "maxResTime" : 44768.0,
    "pct1ResTime" : 117.0,
    "pct2ResTime" : 26616.750000000004,
    "pct3ResTime" : 35816.93000000001,
    "throughput" : 12.49145757325661,
    "receivedKBytesPerSec" : 17.703379175761874,
    "sentKBytesPerSec" : 8.95123272231521
  },
  "games/1933" : {
    "transaction" : "games/1933",
    "sampleCount" : 40776,
    "errorCount" : 31692,
    "errorPct" : 77.72219,
    "meanResTime" : 2462.11962919364,
    "medianResTime" : 0.0,
    "minResTime" : 0.0,
    "maxResTime" : 47785.0,
    "pct1ResTime" : 3138.9000000000015,
    "pct2ResTime" : 15143.95,
    "pct3ResTime" : 23376.31000000027,
    "throughput" : 12.570631962810955,
    "receivedKBytesPerSec" : 52.94864697151538,
    "sentKBytesPerSec" : 8.938232432336822
  },
  "games/1933/events" : {
    "transaction" : "games/1933/events",
    "sampleCount" : 40603,
    "errorCount" : 31262,
    "errorPct" : 76.99431,
    "meanResTime" : 4462.7261286112025,
    "medianResTime" : 0.0,
    "minResTime" : 0.0,
    "maxResTime" : 64789.0,
    "pct1ResTime" : 2582.500000000051,
    "pct2ResTime" : 27178.700000000004,
    "pct3ResTime" : 37230.750000000204,
    "throughput" : 12.523344596313905,
    "receivedKBytesPerSec" : 34.982808902406866,
    "sentKBytesPerSec" : 9.116338354766924
  },
  "/tickets/list" : {
    "transaction" : "/tickets/list",
    "sampleCount" : 41324,
    "errorCount" : 32002,
    "errorPct" : 77.44168,
    "meanResTime" : 2481.4369373729555,
    "medianResTime" : 0.0,
    "minResTime" : 0.0,
    "maxResTime" : 68873.0,
    "pct1ResTime" : 103.0,
    "pct2ResTime" : 173.0,
    "pct3ResTime" : 52323.88000000002,
    "throughput" : 12.734182114458491,
    "receivedKBytesPerSec" : 17.809232248810062,
    "sentKBytesPerSec" : 9.498517224900343
  },
  "news/list?type=Video" : {
    "transaction" : "news/list?type=Video",
    "sampleCount" : 41371,
    "errorCount" : 32429,
    "errorPct" : 78.385826,
    "meanResTime" : 1981.8307510091568,
    "medianResTime" : 0.0,
    "minResTime" : 0.0,
    "maxResTime" : 42120.0,
    "pct1ResTime" : 6603.100000000013,
    "pct2ResTime" : 15211.0,
    "pct3ResTime" : 28339.0,
    "throughput" : 12.736584732107177,
    "receivedKBytesPerSec" : 38.25477249125054,
    "sentKBytesPerSec" : 11.006845034479843
  }
}